{
  "id": "4457663",
  "name": "博客icon",
  "font_family": "iconfont",
  "css_prefix_text": "icon-",
  "description": "",
  "glyphs": [
    {
      "icon_id": "18582547",
      "name": "iso",
      "font_class": "iso",
      "unicode": "ee34",
      "unicode_decimal": 60980
    },
    {
      "icon_id": "7588031",
      "name": "icon-aperture",
      "font_class": "aperture",
      "unicode": "e9f2",
      "unicode_decimal": 59890
    },
    {
      "icon_id": "11169586",
      "name": "定时加载",
      "font_class": "shutterSpeed",
      "unicode": "e757",
      "unicode_decimal": 59223
    },
    {
      "icon_id": "32569680",
      "name": "focus",
      "font_class": "focalLength",
      "unicode": "e604",
      "unicode_decimal": 58884
    },
    {
      "icon_id": "34453005",
      "name": "left",
      "font_class": "left",
      "unicode": "e83d",
      "unicode_decimal": 59453
    },
    {
      "icon_id": "34453038",
      "name": "right",
      "font_class": "right",
      "unicode": "e840",
      "unicode_decimal": 59456
    },
    {
      "icon_id": "16843615",
      "name": "下拉",
      "font_class": "xiala",
      "unicode": "e634",
      "unicode_decimal": 58932
    },
    {
      "icon_id": "3441903",
      "name": "观看",
      "font_class": "guankan1",
      "unicode": "e6f7",
      "unicode_decimal": 59127
    },
    {
      "icon_id": "1240750",
      "name": "评论",
      "font_class": "pinglun",
      "unicode": "e60c",
      "unicode_decimal": 58892
    },
    {
      "icon_id": "1455679",
      "name": "like",
      "font_class": "like",
      "unicode": "e62a",
      "unicode_decimal": 58922
    },
    {
      "icon_id": "21730726",
      "name": "github",
      "font_class": "github",
      "unicode": "e657",
      "unicode_decimal": 58967
    },
    {
      "icon_id": "38436922",
      "name": "哔哩哔哩",
      "font_class": "bilibili",
      "unicode": "e605",
      "unicode_decimal": 58885
    },
    {
      "icon_id": "2264158",
      "name": "观看",
      "font_class": "guankan",
      "unicode": "e675",
      "unicode_decimal": 58997
    },
    {
      "icon_id": "25964416",
      "name": "点赞",
      "font_class": "dianzan",
      "unicode": "e65e",
      "unicode_decimal": 58974
    },
    {
      "icon_id": "2764443",
      "name": "摄影摄像",
      "font_class": "sheyingshexiang",
      "unicode": "e646",
      "unicode_decimal": 58950
    },
    {
      "icon_id": "5357776",
      "name": "速度",
      "font_class": "sudu",
      "unicode": "e82f",
      "unicode_decimal": 59439
    },
    {
      "icon_id": "10966665",
      "name": "生活",
      "font_class": "shenghuo1",
      "unicode": "e68a",
      "unicode_decimal": 59018
    },
    {
      "icon_id": "17576864",
      "name": "随笔 ",
      "font_class": "suibi",
      "unicode": "e60a",
      "unicode_decimal": 58890
    },
    {
      "icon_id": "12025550",
      "name": "close",
      "font_class": "close",
      "unicode": "e602",
      "unicode_decimal": 58882
    },
    {
      "icon_id": "796472",
      "name": "生活",
      "font_class": "shenghuo",
      "unicode": "e625",
      "unicode_decimal": 58917
    },
    {
      "icon_id": "2815724",
      "name": "视频播放",
      "font_class": "shipinbofang",
      "unicode": "e600",
      "unicode_decimal": 58880
    },
    {
      "icon_id": "9512627",
      "name": "照片",
      "font_class": "picture",
      "unicode": "e633",
      "unicode_decimal": 58931
    },
    {
      "icon_id": "11202200",
      "name": "历史记录",
      "font_class": "lishijilu",
      "unicode": "e692",
      "unicode_decimal": 59026
    },
    {
      "icon_id": "19378089",
      "name": "笔记本的副本",
      "font_class": "bijibendefuben",
      "unicode": "e621",
      "unicode_decimal": 58913
    }
  ]
}
