{
  "id": "4457663",
  "name": "博客icon",
  "font_family": "iconfont",
  "css_prefix_text": "icon-",
  "description": "",
  "glyphs": [
    {
      "icon_id": "2764443",
      "name": "摄影摄像",
      "font_class": "sheyingshexiang",
      "unicode": "e646",
      "unicode_decimal": 58950
    },
    {
      "icon_id": "5357776",
      "name": "速度",
      "font_class": "sudu",
      "unicode": "e82f",
      "unicode_decimal": 59439
    },
    {
      "icon_id": "10966665",
      "name": "生活",
      "font_class": "shenghuo1",
      "unicode": "e68a",
      "unicode_decimal": 59018
    },
    {
      "icon_id": "17576864",
      "name": "随笔 ",
      "font_class": "suibi",
      "unicode": "e60a",
      "unicode_decimal": 58890
    },
    {
      "icon_id": "12025550",
      "name": "close",
      "font_class": "close",
      "unicode": "e602",
      "unicode_decimal": 58882
    },
    {
      "icon_id": "796472",
      "name": "生活",
      "font_class": "shenghuo",
      "unicode": "e625",
      "unicode_decimal": 58917
    },
    {
      "icon_id": "2815724",
      "name": "视频播放",
      "font_class": "shipinbofang",
      "unicode": "e600",
      "unicode_decimal": 58880
    },
    {
      "icon_id": "9512627",
      "name": "照片",
      "font_class": "picture",
      "unicode": "e633",
      "unicode_decimal": 58931
    },
    {
      "icon_id": "11202200",
      "name": "历史记录",
      "font_class": "lishijilu",
      "unicode": "e692",
      "unicode_decimal": 59026
    },
    {
      "icon_id": "19378089",
      "name": "笔记本的副本",
      "font_class": "bijibendefuben",
      "unicode": "e621",
      "unicode_decimal": 58913
    }
  ]
}
